{
  "welcomeFile": "/$api-docs/odata/v4/te-mla-service/",
  "authenticationMethod": "route",
  "sessionTimeout": 30,
  "logout": {
      "logoutEndpoint": "/do/logout",
      "logoutPage": "/"
  },
  "routes": [
    {
      "source": "^/app/(.*)$",
      "target": "$1",
      "localDir": ".",
      "cacheControl": "no-cache, no-store, must-revalidate"
    },
    {
      "source": "^/appconfig/",
      "localDir": ".",
      "cacheControl": "no-cache, no-store, must-revalidate"
    },
    {
      "source": "^/(.*)$",
      "target": "$1",
      "destination": "srv-api",
      "csrfProtection": true
    }
  ]
}
