{
  "xsappname": "TransferOrder_TE_BTP",
  "tenant-mode": "dedicated",
  "description": "Security profile of called application",
  "scopes": [
      {
        "name": "uaa.user",
        "description": "UAA"
      }
    ],
    "role-templates": [
      {
        "name": "Token_Exchange",
        "description": "UAA",
        "scope-references": [
          "uaa.user"
        ]
      }
    ],
  "oauth2-configuration": {
    "credential-types": [
      "binding-secret",
      "x509"
    ],
    "redirect-uris": [
      "https://*.cfapps.us10-001.hana.ondemand.com/**",
      "https://*.cfapps.us10-001.hana.ondemand.com/login/callback"
    ]
  }
}
