<core:FragmentDefinition xmlns:core="sap.ui.core"
    xmlns="sap.uxap"
	xmlns:m="sap.m"
	xmlns:f="sap.ui.layout.form"
	xmlns:b="sap.f"
	xmlns:layout="sap.ui.layout">
    <m:FlexBox wrap="Wrap" fitContainer="true" >
				<m:VBox class="sapUiLargeMarginEnd sapUiSmallMarginBottom">
					<m:Title text="Order Number" class="sapUiTinyMarginBottom" />
					<m:HBox class="sapUiTinyMarginBottom" renderType="Bare">
						<m:Text text="{oItemModel>/TANUM}"  />
					</m:HBox>

					<m:Title text="Transfer order item" class="sapUiTinyMarginBottom" />
					<m:HBox class="sapUiTinyMarginBottom" renderType="Bare">
						<m:Text text="{oItemModel>/TAPOS}"  />
					</m:HBox>
                </m:VBox>
                <m:VBox class="sapUiLargeMarginEnd sapUiSmallMarginBottom">
					<m:Title text="Material Number" class="sapUiTinyMarginBottom" />
					<m:HBox class="sapUiTinyMarginBottom" renderType="Bare">
						<m:Text text="{oItemModel>/MATNR}({oItemModel>/MAKTX})"  />
					</m:HBox>

					<m:Title text="Plant" class="sapUiTinyMarginBottom" />
					<m:HBox class="sapUiTinyMarginBottom" renderType="Bare">
						<m:Text text="{oItemModel>/WERKS}"  />
					</m:HBox>
                </m:VBox>
				<m:VBox class="sapUiLargeMarginEnd sapUiSmallMarginBottom">
					<m:Title text="Batch Number" class="sapUiTinyMarginBottom" />
					<m:HBox class="sapUiTinyMarginBottom" renderType="Bare">
						<m:Text text="{oItemModel>/CHARG}"  />
					</m:HBox>

					<m:Title text="Storage Location" class="sapUiTinyMarginBottom" />
					<m:HBox class="sapUiTinyMarginBottom" renderType="Bare">
						<m:Text text="{oItemModel>/LGORT}"  />
					</m:HBox>
				</m:VBox>
			</m:FlexBox>
</core:FragmentDefinition>