{
    "welcomeFile": "/v2/odata/v4/transfer-order/$metadata",
    "authenticationMethod": "route",
    "logout": {
      "logoutEndpoint": "/app-logout",
      "logoutPage": "/"
    },
    "routes": [
      {
        "source": "^/app/(.*)$",
        "target": "$1",
        "localDir": ".",
        "cacheControl": "no-cache, no-store, must-revalidate"
      },
      {
        "source": "^/v2/odata/(.*)$",
        "target": "/v2/odata/$1",
        "destination": "OrderTransferBTP",
        "authenticationType": "xsuaa",
        "csrfProtection": false
      },
      {
        "source": "^/(.*)$",
        "destination": "srv-api",
        "csrfProtection": true,
        "authenticationType":"xsuaa"
      }
    ]
  }