<core:FragmentDefinition
	xmlns:l="sap.ui.layout"
	xmlns:core="sap.ui.core"
	xmlns:mvc="sap.ui.core.mvc"
	xmlns="sap.m">
	<Dialog
		id="mySelectDialog"
        title="Inventory List">
        <content>
		<Table id="inventoryList" inset="false" items="{oInventoryModel>/}" type="">
                <columns>
                    <Column width="auto" minScreenWidth="Desktop" demandPopin="true">
                        <Text text="Inventory ID" />
                    </Column>
                    <Column width="auto" minScreenWidth="Desktop" demandPopin="true">
                        <Text text="Slot ID" />
                    </Column>
                    <Column width="auto" minScreenWidth="Desktop" demandPopin="true">
                        <Text text="LT ID" />
                    </Column>
                    <Column width="auto" minScreenWidth="Desktop" demandPopin="true">
                        <Text text="Product Quantity" />
                    </Column>
                </columns>
                <items>
                    <ColumnListItem type="Navigation" press="onSelectInventory">
                        <cells>
                            <Text text="{oInventoryModel>inventory_id}" />
                            <Text text="{oInventoryModel>slot_id}" />
                            <Text text="{oInventoryModel>LT_ID}" />
                            <Text text="{oInventoryModel>product_quantity}" />
                        </cells>
                    </ColumnListItem>
                </items>
            </Table>
    </content>
    <endButton>
            <Button
                text="Close"
                type="Default"
                press=".onCloseInventoryDialog"
            />
        </endButton>
	</Dialog>
    
</core:FragmentDefinition>