<core:FragmentDefinition
    xmlns:l="sap.ui.layout"
    xmlns:core="sap.ui.core"
    xmlns:mvc="sap.ui.core.mvc"
    xmlns:uxap="sap.uxap"
    xmlns="sap.m"
	xmlns:f="sap.ui.layout.form"
>
    <Dialog
        title="Order Detail"
    >
        <content>
            <VBox class="sapUiSmallMargin">
		<f:SimpleForm id="SimpleFormDisplay354wide"
			editable="false"
			layout="ResponsiveGridLayout"
			labelSpanXL="4"
			labelSpanL="3"
			labelSpanM="4"
			labelSpanS="12"
			adjustLabelSpan="false"
			emptySpanXL="0"
			emptySpanL="4"
			emptySpanM="0"
			emptySpanS="0"
			columnsXL="2"
			columnsL="1"
			columnsM="1"
			singleContainerFullSize="false">
			<f:content>
				<Label text="Order ID" />
				<Text id="nameText" text="{oOrderDetail>/order_id}" />
				<Label text="Quantity" />
				<Text text="{oOrderDetail>/quantity}" />
				<Label text="Batch Number" />
				<Text text="{oOrderDetail>/batch}" />
				<Label text="Unit of Measure" />
				<Text id="countryText" text="{oOrderDetail>/UOM}" />
			</f:content>
		</f:SimpleForm>
	</VBox>
        </content>
        <endButton>
            <Button
                text="Close"
                type="Default"
                press=".onCloseOrderDetailDialog"
            />
        </endButton>
    </Dialog>
</core:FragmentDefinition>
