<core:FragmentDefinition xmlns:mvc="sap.ui.core.mvc" displayBlock="true"
    xmlns="sap.m"
    xmlns:core="sap.ui.core">
    <Table id="idRouteTable"  items="{oOrderModel>/}" growing="true" noDataText="No data found. Try again.">
                <columns>
                    <Column>
                        <Text text="Order ID" />
                    </Column>
                    <Column minScreenWidth="Tablet" demandPopin="true">
                        <Text text="Status" />
                    </Column>
                    <Column minScreenWidth="Tablet" demandPopin="true">
                        <Text text="Order Type" />
                    </Column>
                </columns>
                <items>
                    <ColumnListItem vAlign="Middle" press="onPressOrder" type="Navigation">
                        <cells>
                            <Text text="{path:'oOrderModel>order_id'}"/>
                            <Text text="{oOrderModel>order_status}" />
                            <Text text="{oOrderModel>order_type}" />
                        </cells>
                    </ColumnListItem>
                </items>
            </Table>
</core:FragmentDefinition>