{
  "emname": "MiniLoad_App_TE-emname",
  "version": "1.1.0",
  "namespace": "default/com-te-mla-services/1",
  "options": {
    "management": true,
    "messagingrest": true,
    "messaging": true
  },
  "rules": {
    "topicRules": {
      "publishFilter": [
        "${namespace}/*"
      ],
      "subscribeFilter": [
        "*"
      ]
    },
    "queueRules": {
      "publishFilter": [
        "${namespace}/*"
      ],
      "subscribeFilter": [
        "${namespace}/*"
      ]
    }
  },
  "authorities": [
    "$ACCEPT_GRANTED_AUTHORITIES"
  ]
}
