{
  "scopes": [
    {
      "name": "$XSAPPNAME.emcallback",
      "description": "Enterprise-Messaging Callback Access",
      "grant-as-authority-to-apps": [
        "$XSSERVICENAME(MiniLoad_App_TE-messaging)"
      ]
    },
    {
      "name": "$XSAPPNAME.emmanagement",
      "description": "Enterprise-Messaging Management Access"
    }
  ],
  "attributes": [],
  "role-templates": [],
  "authorities-inheritance": false,
  "authorities": [
    "$XSAPPNAME.emmanagement",
    "$XSAPPNAME.mtcallback"
  ],
  "oauth2-configuration": {
    "credential-types": [
      "binding-secret",
      "x509"
    ],
    "redirect-uris": [
      "https://*.cfapps.us10-001.hana.ondemand.com/**",
      "https://*.cfapps.us10-001.hana.ondemand.com/login/callback"
    ]
  }
}
